Investing $80 Per Week,,,,,,,,,,FINANCIAL 15 SPLIT CORP. (XTSE:FTN), $12.75 ,0.1257,,
,,,,Dividend Amount,Shares Owned,Dividend collected,Monies added - Parents,Monies added - George,Worth,,,,,
,2024,33,July,0.1257,2745.10,345.06,0.00,,"$35,000.00",,,,,
,,,August,0.1257,2772.16,348.46,0.00,,"$35,345.06",,,,,
,,,September,0.1257,4024.65,505.90,0.00,,"$51,314.28",,,,,
,,,October,0.1257,3664.64,460.64,0.00,,"$46,724.10",,,,,
,,,November,0.1257,3774.79,474.49,0.00,,"$48,128.53",,,,,
,,,December,0.1257,3812.00,479.17,0.00,,"$48,603.02",,,,,
,2025,,January,0.1257,3849.58,483.89,0.00,,"$49,082.19",,,,,
,,,February,0.1257,3887.54,488.66,0.00,,"$49,566.08",,,,,
,,,March,0.1257,3925.86,493.48,0.00,,"$50,054.75",,,,,
,,,April,0.1257,6565.67,825.30,0.00,,"$83,712.25",,,,,
,,34,May,0.1257,6630.40,833.44,0.00,,"$84,537.56",,,,,
,,,June,0.1257,6695.76,841.66,0.00,,"$85,371.00",,,,,
,,,July,0.1257,6761.78,849.96,0.00,,"$86,212.65",,,,,
,,,August,0.1257,6925.67,870.56,0.00,,"$88,302.27",,,,,
,,,September,0.1257,6993.95,879.14,0.00,,"$89,172.83",,,,,
,,,October,0.1257,7062.90,887.81,0.00,,"$90,051.97",,,,,
,,,November,0.1257,7132.53,896.56,0.00,,"$90,939.77",,,,,
,,,December,0.1257,7202.85,905.40,0.00,,"$91,836.33",,,,,
,2026,,January,0.1257,7273.86,914.32,0.00,,"$92,741.73",,,,,
,,,February,0.1257,7345.57,923.34,0.00,,"$93,656.05",,,,,
,,,March,0.1257,7417.99,932.44,0.00,,"$94,579.39",,,,,
,,,April,0.1257,7491.12,941.63,0.00,,"$95,511.83",,,,,
,,35,May,0.1257,7564.98,950.92,0.00,,"$96,453.47",,,,,
,,,June,0.1257,7639.56,960.29,0.00,,"$97,404.39",,,,,
,,,July,0.1257,7714.88,969.76,0.00,,"$98,364.68",,,,,
,,,August,0.1257,7790.94,979.32,0.00,,"$99,334.44",,,,,
,,,September,0.1257,7867.75,988.98,0.00,,"$100,313.76",,,,,
,,,October,0.1257,7945.31,998.73,0.00,,"$101,302.74",,,,,
,,,November,0.1257,8023.64,1008.57,0.00,,"$102,301.46",,,,,
,,,December,0.1257,8102.75,1018.52,0.00,,"$103,310.03",,,,,
,2027,,January,0.1257,8182.63,1028.56,80.00,,"$104,328.55",,,,,
,,,February,0.1257,8269.58,1039.49,80.00,,"$105,437.11",,,,,
,,,March,0.1257,8357.38,1050.52,80.00,,"$106,556.59",,,,,
,,,April,0.1257,8446.05,1061.67,80.00,,"$107,687.11",,,,,
,,36,May,0.1257,8535.59,1072.92,80.00,,"$108,828.78",,,,,
,,,June,0.1257,8626.02,1084.29,80.00,,"$109,981.71",,,,,
,,,July,0.1257,8717.33,1095.77,80.00,,"$111,146.00",,,,,
,,,August,0.1257,8809.55,1107.36,80.00,,"$112,321.77",,,,,
,,,September,0.1257,8902.68,1119.07,80.00,,"$113,509.13",,,,,
,,,October,0.1257,8996.72,1130.89,80.00,,"$114,708.19",,,,,
,,,November,0.1257,9091.69,1142.83,80.00,,"$115,919.08",,,,,
,,,December,0.1257,9187.60,1154.88,80.00,,"$117,141.91",,,,,
,2028,,January,0.1257,9284.45,1167.06,80.00,,"$118,376.79",,,,,
,,,February,0.1257,9382.26,1179.35,80.00,,"$119,623.84",,,,,
,,,March,0.1257,9481.03,1191.77,80.00,,"$120,883.19",,,,,
,,,April,0.1257,9580.78,1204.30,80.00,,"$122,154.96",,,,,
,,37,May,0.1257,9681.51,1216.97,80.00,,"$123,439.26",,"50,000 house refinance",,5000,628.5
,,,June,0.1257,9783.23,1229.75,80.00,,"$124,736.23",,,,,
,,,July,0.1257,9885.96,1242.67,80.00,,"$126,045.98",,,,,
,,,August,0.1257,9989.70,1255.71,80.00,,"$127,368.65",,,,,
,,,September,0.1257,10094.46,1268.87,80.00,,"$128,704.35",,,,,
,,,October,0.1257,10200.25,1282.17,80.00,,"$130,053.23",,,,,
,,,November,0.1257,10307.09,1295.60,80.00,,"$131,415.40",,,,,
,,,December,0.1257,10414.98,1309.16,80.00,,"$132,791.00",,,,,
,2029,,January,0.1257,10523.93,1322.86,80.00,,"$134,180.16",,,,,
,,,February,0.1257,10633.96,1336.69,80.00,,"$135,583.02",,,,,
,,,March,0.1257,10745.08,1350.66,80.00,,"$136,999.71",,,,,
,,,April,0.1257,10857.28,1364.76,80.00,,"$138,430.37",,,,,
,,38,May,0.1257,10970.60,1379.00,80.00,,"$139,875.13",,,,,
,,,June,0.1257,11085.03,1393.39,80.00,,"$141,334.13",,,,,
,,,July,0.1257,11200.59,1407.91,80.00,,"$142,807.52",,,,,
,,,August,0.1257,11317.29,1422.58,80.00,,"$144,295.43",,,,,
,,,September,0.1257,11435.14,1437.40,80.00,,"$145,798.02",,,,,
,,,October,0.1257,11554.15,1452.36,80.00,,"$147,315.41",,,,,
,,,November,0.1257,11674.33,1467.46,80.00,,"$148,847.77",,,,,
,,,December,0.1257,11795.70,1482.72,80.00,,"$150,395.23",,,,,
,2030,,January,0.1257,11918.27,1498.13,80.00,,"$151,957.95",,,,,
,,,February,0.1257,12042.05,1513.69,80.00,,"$153,536.08",,,,,
,,,March,0.1257,12167.04,1529.40,80.00,,"$155,129.76",,,,,
,,,April,0.1257,12293.27,1545.26,80.00,,"$156,739.16",,,,,
,,39,May,0.1257,12420.74,1561.29,80.00,,"$158,364.43",,,,,
,,,June,0.1257,12549.47,1577.47,80.00,,"$160,005.71",,,,,
,,,July,0.1257,12679.47,1593.81,80.00,,"$161,663.18",,,,,
,,,August,0.1257,12810.74,1610.31,80.00,,"$163,336.99",,,,,
,,,September,0.1257,12943.32,1626.98,80.00,,"$165,027.30",,,,,
,,,October,0.1257,13077.20,1643.80,80.00,,"$166,734.27",,,,,
,,,November,0.1257,13212.40,1660.80,80.00,,"$168,458.08",,,,,
,,,December,0.1257,13348.93,1677.96,80.00,,"$170,198.88",,,,,
,2031,,January,0.1257,13486.81,1695.29,80.00,,"$171,956.84",,,,,
,,,February,0.1257,13626.05,1712.79,80.00,,"$173,732.13",,,,,
,,,March,0.1257,13766.66,1730.47,80.00,,"$175,524.92",,,,,
,,,April,0.1257,13908.66,1748.32,80.00,,"$177,335.39",,,,,
,,40,May,0.1257,14052.06,1766.34,80.00,,"$179,163.71",,,,,
,,,June,0.1257,14196.87,1784.55,80.00,,"$181,010.06",,,,,
,,,July,0.1257,14343.11,1802.93,80.00,,"$182,874.60",,,,,
,,,August,0.1257,14490.79,1821.49,80.00,,"$184,757.53",,,,,
,,,September,0.1257,14639.92,1840.24,80.00,,"$186,659.02",,,,,
,,,October,0.1257,14790.53,1859.17,80.00,,"$188,579.26",,,,,
,,,November,0.1257,14942.62,1878.29,80.00,,"$190,518.43",,,,,
,,,December,0.1257,15096.21,1897.59,80.00,,"$192,476.72",,,,,
,2032,,January,0.1257,15251.32,1917.09,80.00,,"$194,454.31",,,,,
,,,February,0.1257,15407.95,1936.78,80.00,,"$196,451.40",,,,,
,,,March,0.1257,15566.13,1956.66,80.00,,"$198,468.18",,,,,
,,,April,0.1257,15725.87,1976.74,80.00,,"$200,504.84",,,,,
,,41,May,0.1257,15887.18,1997.02,80.00,,"$202,561.59",,,,,
,,,June,0.1257,16050.09,2017.50,80.00,,"$204,638.61",,,,,
,,,July,0.1257,16214.60,2038.17,80.00,,"$206,736.10",,,,,
,,,August,0.1257,16380.73,2059.06,80.00,,"$208,854.28",,,,,
,,,September,0.1257,16548.50,2080.15,80.00,,"$210,993.33",,,,,
,,,October,0.1257,16717.92,2101.44,80.00,,"$213,153.48",,,,,
,,,November,0.1257,16889.01,2122.95,80.00,,"$215,334.92",,,,,
,,,December,0.1257,17061.79,2144.67,80.00,,"$217,537.87",,,,,
,2033,,January,0.1257,17236.28,2166.60,80.00,,"$219,762.54",,,,,
,,,February,0.1257,17412.48,2188.75,80.00,,"$222,009.14",,,,,
,,,March,0.1257,17590.42,2211.12,80.00,,"$224,277.89",,,,,
,,,April,0.1257,17770.12,2233.70,80.00,,"$226,569.00",,,,,
,,42,May,0.1257,17951.58,2256.51,80.00,,"$228,882.71",,$1200 contribution starting May 2025,,,
,,,June,0.1257,18134.84,2279.55,80.00,,"$231,219.22",,,,,
,,,July,0.1257,18319.90,2302.81,80.00,,"$233,578.77",,,,,
,,,August,0.1257,18506.79,2326.30,80.00,,"$235,961.58",,,,,
,,,September,0.1257,18695.52,2350.03,80.00,,"$238,367.89",,,,,
,,,October,0.1257,18886.11,2373.98,80.00,,"$240,797.91",,$1000 contribution starting May 2025,,,
,,,November,0.1257,19078.58,2398.18,80.00,,"$243,251.90",,,,,
,,,December,0.1257,19272.95,2422.61,80.00,,"$245,730.08",,,,,
,2034,,January,0.1257,19469.23,2447.28,80.00,,"$248,232.68",,,,,
,,,February,0.1257,19667.45,2472.20,80.00,,"$250,759.97",,"$10,000 contibution May 2025 + $800 per month starting March 2026",,,
,,,March,0.1257,19867.62,2497.36,80.00,,"$253,312.17",,,,,
,,,April,0.1257,20069.77,2522.77,80.00,,"$255,889.53",,$800 contribution starting May 2025,,,
,,43,May,0.1257,20273.91,2548.43,80.00,,"$258,492.29",,,,,
,,,June,0.1257,20480.06,2574.34,80.00,,"$261,120.72",,,,,
,,,July,0.1257,20688.24,2600.51,80.00,,"$263,775.07",,,,,
,,,August,0.1257,20898.48,2626.94,80.00,,"$266,455.58",,,,,
,,,September,0.1257,21110.79,2653.63,80.00,,"$269,162.52",,,,,
,,,October,0.1257,21325.19,2680.58,80.00,,"$271,896.14",,,,,
,,,November,0.1257,21541.70,2707.79,80.00,,"$274,656.72",,,,,
,,,December,0.1257,21760.35,2735.28,80.00,,"$277,444.51",,,,,
,2035,,January,0.1257,21981.16,2763.03,80.00,,"$280,259.79",,,,,
,,,February,0.1257,22204.14,2791.06,80.00,,"$283,102.82",,,,,
,,,March,0.1257,22429.32,2819.37,80.00,,"$285,973.88",,,,,
,,,April,0.1257,22656.73,2847.95,80.00,,"$288,873.25",,,,,
,,44,May,0.1257,22886.37,2876.82,80.00,,"$291,801.20",,,,,
,,,June,0.1257,23118.28,2905.97,80.00,,"$294,758.01",,,,,
,,,July,0.1257,23352.47,2935.41,80.00,,"$297,743.98",,,,,
,,,August,0.1257,23588.97,2965.13,80.00,,"$300,759.39",,,,,
,,,September,0.1257,23827.81,2995.16,80.00,,"$303,804.52",,,,,
,,,October,0.1257,24068.99,3025.47,80.00,,"$306,879.68",,,,,
,,,November,0.1257,24312.56,3056.09,80.00,,"$309,985.15",,,,,
,,,December,0.1257,24558.53,3087.01,80.00,,"$313,121.24",,,,,
,2036,,January,0.1257,24806.92,3118.23,80.00,,"$316,288.24",,,,,
,,,February,0.1257,25057.76,3149.76,80.00,,"$319,486.47",,,,,
,,,March,0.1257,25311.08,3181.60,80.00,,"$322,716.24",,,,,
,,,April,0.1257,25566.89,3213.76,80.00,,"$325,977.84",,"$10,000 contibution May 2025",,,
,,45,May,0.1257,25825.22,3246.23,80.00,,"$329,271.60",,,,,
,,,June,0.1257,26086.10,3279.02,80.00,,"$332,597.83",,,,,
,,,July,0.1257,26349.56,3312.14,80.00,,"$335,956.85",,,,,
,,,August,0.1257,26615.61,3345.58,80.00,,"$339,348.99",,,,,
,,,September,0.1257,26884.28,3379.35,80.00,,"$342,774.57",,,,,
,,,October,0.1257,27155.60,3413.46,80.00,,"$346,233.92",,,,,
,,,November,0.1257,27429.60,3447.90,80.00,,"$349,727.38",,,,,
,,,December,0.1257,27706.30,3482.68,80.00,,"$353,255.28",,,,,
,2037,,January,0.1257,27985.72,3517.81,80.00,,"$356,817.97",,,,,
,,,February,0.1257,28267.90,3553.28,80.00,,"$360,415.77",,,,,
,,,March,0.1257,28552.87,3589.10,80.00,,"$364,049.05",,,,,
,,,April,0.1257,28840.64,3625.27,80.00,,"$367,718.14",,,,,
,,46,May,0.1257,29131.25,3661.80,80.00,,"$371,423.41",,,,,
,,,June,0.1257,29424.72,3698.69,80.00,,"$375,165.21",,,,,
,,,July,0.1257,29721.09,3735.94,80.00,,"$378,943.90",,,,,
,,,August,0.1257,30020.38,3773.56,80.00,,"$382,759.84",,,,,
,,,September,0.1257,30322.62,3811.55,80.00,,"$386,613.40",,,,,
,,,October,0.1257,30627.84,3849.92,80.00,,"$390,504.95",,,,,
,,,November,0.1257,30936.07,3888.66,80.00,,"$394,434.87",,,,,
,,,December,0.1257,31247.34,3927.79,80.00,,"$398,403.53",,,,,
,2038,,January,0.1257,31561.67,3967.30,80.00,,"$402,411.32",,,,,
,,,February,0.1257,31879.11,4007.20,80.00,,"$406,458.63",,,,,
,,,March,0.1257,32199.67,4047.50,80.00,,"$410,545.83",,,,,
,,,April,0.1257,32523.40,4088.19,80.00,,"$414,673.33",,No Further Contribution,,,
,,47,May,0.1257,32850.32,4129.28,80.00,,"$418,841.52",,,,,
,,,June,0.1257,33180.46,4170.78,80.00,,"$423,050.81",,,,,
,,,July,0.1257,33513.85,4212.69,80.00,,"$427,301.59",,,,,
,,,August,0.1257,33850.53,4255.01,80.00,,"$431,594.28",,,,,
,,,September,0.1257,34190.53,4297.75,80.00,,"$435,929.29",,,,,
,,,October,0.1257,34533.89,4340.91,80.00,,"$440,307.04",,,,,
,,,November,0.1257,34880.62,4384.49,80.00,,"$444,727.95",,,,,
,,,December,0.1257,35230.78,4428.51,80.00,,"$449,192.45",,,,,
,2039,,January,0.1257,35584.39,4472.96,80.00,,"$453,700.95",,,,,
,,,February,0.1257,35941.48,4517.84,80.00,,"$458,253.91",,,,,
,,,March,0.1257,36302.10,4563.17,80.00,,"$462,851.76",,,,,
,,,April,0.1257,36666.27,4608.95,80.00,,"$467,494.93",,,,,
,,48,May,0.1257,37034.03,4655.18,80.00,,"$472,183.88",,,,,
,,,June,0.1257,37405.42,4701.86,80.00,,"$476,919.06",,,,,
,,,July,0.1257,37780.46,4749.00,80.00,,"$481,700.92",,,,,
,,,August,0.1257,38159.21,4796.61,80.00,,"$486,529.92",,,,,
,,,September,0.1257,38541.69,4844.69,80.00,,"$491,406.54",,,,,
,,,October,0.1257,38927.94,4893.24,80.00,,"$496,331.23",,,,,
,,,November,0.1257,39318.00,4942.27,80.00,,"$501,304.47",,,,,
,,,December,0.1257,39711.90,4991.79,80.00,,"$506,326.74",,,,,
,2040,,January,0.1257,40109.69,5041.79,80.00,,"$511,398.53",,,,,
,,,February,0.1257,40511.40,5092.28,80.00,,"$516,520.31",,,,,
,,,March,0.1257,40917.07,5143.28,80.00,,"$521,692.60",,,,,
,,,April,0.1257,41326.74,5194.77,80.00,,"$526,915.87",,,,,
,,49,May,0.1257,41740.44,5246.77,80.00,,"$532,190.64",,,,,
,,,June,0.1257,42158.23,5299.29,80.00,,"$537,517.42",,,,,
,,,July,0.1257,42580.13,5352.32,80.00,,"$542,896.71",,,,,
,,,August,0.1257,43006.20,5405.88,80.00,,"$548,329.03",,,,,
,,,September,0.1257,43436.46,5459.96,80.00,,"$553,814.91",,,,,
,,,October,0.1257,43870.97,5514.58,80.00,,"$559,354.87",,,,,
,,,November,0.1257,44309.76,5569.74,80.00,,"$564,949.45",,,,,
,,,December,0.1257,44752.88,5625.44,80.00,,"$570,599.19",,,,,
,2041,,January,0.1257,45200.36,5681.69,80.00,,"$576,304.63",,,,,
,,,February,0.1257,45652.26,5738.49,80.00,,"$582,066.31",,,,,
,,,March,0.1257,46108.61,5795.85,80.00,,"$587,884.80",,,,,
,,,April,0.1257,46569.46,5853.78,80.00,,"$593,760.65",,,,,
,,50,May,0.1257,47034.86,5912.28,80.00,,"$599,694.43",,,,,
,,,June,0.1257,47504.84,5971.36,80.00,,"$605,686.72",,,,,
,,,July,0.1257,47979.46,6031.02,80.00,,"$611,738.07",,,,,
,,,August,0.1257,48458.75,6091.27,80.00,,"$617,849.09",,,,,
,,,September,0.1257,48942.77,6152.11,80.00,,"$624,020.36",,,,,
,,,October,0.1257,49431.57,6213.55,80.00,,"$630,252.46",,,,,
,,,November,0.1257,49925.18,6275.59,80.00,,"$636,546.01",,,,,
,,,December,0.1257,50423.66,6338.25,80.00,,"$642,901.61",,,,,
,2042,,January,0.1257,50927.05,6401.53,80.00,,"$649,319.86",,,,,
,,,February,0.1257,51435.40,6465.43,80.00,,"$655,801.39",,,,,
,,,March,0.1257,51948.77,6529.96,80.00,,"$662,346.82",,,,,
,,,April,0.1257,52467.20,6595.13,80.00,,"$668,956.78",,,,,
,,51,May,0.1257,52990.74,6660.94,80.00,,"$675,631.91",,,,,
,,,June,0.1257,53519.44,6727.39,80.00,,"$682,372.84",,,,,
,,,July,0.1257,54053.35,6794.51,80.00,,"$689,180.24",,,,,
,,,August,0.1257,54592.53,6862.28,80.00,,"$696,054.74",,,,,
,,,September,0.1257,55137.02,6930.72,80.00,,"$702,997.02",,,,,
,,,October,0.1257,55686.88,6999.84,80.00,,"$710,007.75",,,,,
,,,November,0.1257,56242.16,7069.64,80.00,,"$717,087.59",,,,,
,,,December,0.1257,56802.92,7140.13,80.00,,"$724,237.23",,,,,
,2043,,January,0.1257,57369.20,7211.31,80.00,,"$731,457.36",,,,,
,,,February,0.1257,57941.07,7283.19,80.00,,"$738,748.66",,$80 per week,,,
,,,March,0.1257,58518.58,7355.79,80.00,,"$746,111.86",,,,,
,,,April,0.1257,59101.78,7429.09,80.00,,"$753,547.64",,,,,
,,52,May,0.1257,59690.72,7503.12,80.00,,"$761,056.74",,,,,
,,,June,0.1257,60285.48,7577.88,80.00,,"$768,639.86",,,,,
,,,July,0.1257,60886.10,7653.38,80.00,,"$776,297.74",,,,,
,,,August,0.1257,61492.64,7729.62,80.00,,"$784,031.13",,,,,
,,,September,0.1257,62105.16,7806.62,80.00,,"$791,840.75",,,,,
,,,October,0.1257,62723.72,7884.37,80.00,,"$799,727.37",,,,,
,,,November,0.1257,63348.37,7962.89,80.00,,"$807,691.74",,,,,
,,,December,0.1257,63979.19,8042.18,80.00,,"$815,734.63",,,,,
,2044,,January,0.1257,64616.22,8122.26,80.00,,"$823,856.81",,,,,
,,,February,0.1257,65259.54,8203.12,80.00,,"$832,059.07",,,,,
,,,March,0.1257,65909.19,8284.79,80.00,,"$840,342.20",,,,,
,,,April,0.1257,66565.25,8367.25,80.00,,"$848,706.98",,,,,
,,53,May,0.1257,67227.78,8450.53,80.00,,"$857,154.23",,,,,
,,,June,0.1257,67896.84,8534.63,80.00,,"$865,684.77",,,,,
,,,July,0.1257,68572.50,8619.56,80.00,,"$874,299.40",,,,,
,,,August,0.1257,69254.82,8705.33,80.00,,"$882,998.96",,,,,
,,,September,0.1257,69943.87,8791.94,80.00,,"$891,784.29",,,,,
,,,October,0.1257,70639.70,8879.41,80.00,,"$900,656.24",,,,,
,,,November,0.1257,71342.40,8967.74,80.00,,"$909,615.65",,,,,
,,,December,0.1257,72052.03,9056.94,80.00,,"$918,663.39",,,,,
,2045,,January,0.1257,72768.65,9147.02,80.00,,"$927,800.33",,,,,
,,,February,0.1257,73492.34,9237.99,80.00,,"$937,027.35",,,,,
,,,March,0.1257,74223.16,9329.85,80.00,,"$946,345.34",,,,,
,,,April,0.1257,74961.19,9422.62,80.00,,"$955,755.19",,,,,
,,54,May,0.1257,75706.49,9516.31,80.00,,"$965,257.81",,,,,
,,,June,0.1257,76459.15,9610.91,80.00,,"$974,854.12",,,,,
,,,July,0.1257,77219.22,9706.46,80.00,,"$984,545.03",,,,,
,,,August,0.1257,77986.78,9802.94,80.00,,"$994,331.49",,,,,
,,,September,0.1257,78761.92,9900.37,80.00,,"$1,004,214.43",,,,,
,,,October,0.1257,79544.69,9998.77,80.00,,"$1,014,194.80",,,,,
,,,November,0.1257,80335.18,10098.13,80.00,,"$1,024,273.57",,,,,
,,,December,0.1257,81133.47,10198.48,80.00,,"$1,034,451.70",,,,,
,2046,,January,0.1257,81939.62,10299.81,80.00,,"$1,044,730.18",,,,,
,,,February,0.1257,82753.72,10402.14,80.00,,"$1,055,109.99",,,,,
,,,March,0.1257,83575.85,10505.48,80.00,,"$1,065,592.13",,,,,
,,,April,0.1257,84406.09,10609.85,80.00,,"$1,076,177.61",,,,,
,,55,May,0.1257,85244.51,10715.23,80.00,,"$1,086,867.46",,,,,
,,,June,0.1257,86091.19,10821.66,80.00,,"$1,097,662.69",,,,,
,,,July,0.1257,86946.22,10929.14,80.00,,"$1,108,564.36",,,,,
,,,August,0.1257,87809.69,11037.68,80.00,,"$1,119,573.50",,,,,
,,,September,0.1257,88681.66,11147.28,80.00,,"$1,130,691.17",,,,,
,,,October,0.1257,89562.23,11257.97,80.00,,"$1,141,918.46",,,,,
,,,November,0.1257,90451.48,11369.75,80.00,,"$1,153,256.43",,,,,
,,,December,0.1257,91349.50,11482.63,80.00,,"$1,164,706.18",,,,,
,2047,,January,0.1257,92256.38,11596.63,80.00,,"$1,176,268.82",,,,,
,,,February,0.1257,93172.19,11711.74,80.00,,"$1,187,945.44",,,,,
,,,March,0.1257,94097.03,11828.00,80.00,,"$1,199,737.19",,,,,
,,,April,0.1257,95030.99,11945.40,80.00,,"$1,211,645.18",,,,,
,,56,May,0.1257,95974.16,12063.95,80.00,,"$1,223,670.58",,,,,
,,,June,0.1257,96926.63,12183.68,80.00,,"$1,235,814.53",,,,,
,,,July,0.1257,97888.49,12304.58,80.00,,"$1,248,078.21",,,,,
,,,August,0.1257,98859.83,12426.68,80.00,,"$1,260,462.79",,,,,
,,,September,0.1257,99840.74,12549.98,80.00,,"$1,272,969.47",,,,,
,,,October,0.1257,100831.33,12674.50,80.00,,"$1,285,599.45",,,,,
,,,November,0.1257,101831.68,12800.24,80.00,,"$1,298,353.95",,,,,
,,,December,0.1257,102841.90,12927.23,80.00,,"$1,311,234.19",,,,,
,2048,,January,0.1257,103862.07,13055.46,80.00,,"$1,324,241.42",,,,,
,,,February,0.1257,104892.30,13184.96,80.00,,"$1,337,376.88",,,,,
,,,March,0.1257,105932.69,13315.74,80.00,,"$1,350,641.85",,,,,
,,,April,0.1257,106983.34,13447.81,80.00,,"$1,364,037.59",,,,,
,,57,May,0.1257,108044.34,13581.17,80.00,,"$1,377,565.39",,,,,
,,,June,0.1257,109115.81,13715.86,80.00,,"$1,391,226.57",,,,,
,,,July,0.1257,110197.84,13851.87,80.00,,"$1,405,022.42",,,,,
,,,August,0.1257,111290.53,13989.22,80.00,,"$1,418,954.29",,,,,
,,,September,0.1257,112394.00,14127.93,80.00,,"$1,433,023.51",,,,,
,,,October,0.1257,113508.35,14268.00,80.00,,"$1,447,231.44",,,,,
,,,November,0.1257,114633.68,14409.45,80.00,,"$1,461,579.44",,,,,
,,,December,0.1257,115770.11,14552.30,80.00,,"$1,476,068.89",,,,,
,2049,,January,0.1257,116917.74,14696.56,80.00,,"$1,490,701.19",,,,,
,,,February,0.1257,118076.69,14842.24,80.00,,"$1,505,477.75",,,,,
,,,March,0.1257,119247.06,14989.36,80.00,,"$1,520,399.99",,,,,
,,,April,0.1257,120428.97,15137.92,80.00,,"$1,535,469.35",,,,,
,,58,May,0.1257,121622.53,15287.95,80.00,,"$1,550,687.27",,,,,
,,,June,0.1257,122827.86,15439.46,80.00,,"$1,566,055.22",,,,,
,,,July,0.1257,124045.07,15592.47,80.00,,"$1,581,574.68",,,,,
,,,August,0.1257,125274.29,15746.98,80.00,,"$1,597,247.15",,,,,
,,,September,0.1257,126515.62,15903.01,80.00,,"$1,613,074.13",,,,,
,,,October,0.1257,127769.19,16060.59,80.00,,"$1,629,057.14",,,,,
,,,November,0.1257,129035.12,16219.71,80.00,,"$1,645,197.73",,,,,
,,,December,0.1257,130313.52,16380.41,80.00,,"$1,661,497.44",,,,,
,2050,,January,0.1257,131604.54,16542.69,80.00,,"$1,677,957.85",,,,,
,,,February,0.1257,132908.28,16706.57,80.00,,"$1,694,580.54",,,,,
,,,March,0.1257,134224.87,16872.07,80.00,,"$1,711,367.11",,,,,
,,,April,0.1257,135554.45,17039.19,80.00,,"$1,728,319.18",,,,,
,,59,May,0.1257,136897.13,17207.97,80.00,,"$1,745,438.37",,,,,
,,,June,0.1257,138253.05,17378.41,80.00,,"$1,762,726.34",,,,,
,,,July,0.1257,139622.33,17550.53,80.00,,"$1,780,184.75",,,,,
,,,August,0.1257,141005.12,17724.34,80.00,,"$1,797,815.28",,,,,
,,,September,0.1257,142401.54,17899.87,80.00,,"$1,815,619.62",,,,,
,,,October,0.1257,143811.72,18077.13,80.00,,"$1,833,599.49",,,,,
,,,November,0.1257,145235.81,18256.14,80.00,,"$1,851,756.63",,,,,
,,,December,0.1257,146673.94,18436.91,80.00,,"$1,870,092.77",,,,,
,2051,,January,0.1257,148126.25,18619.47,80.00,,"$1,888,609.68",,,,,
,,,February,0.1257,149592.87,18803.82,80.00,,"$1,907,309.15",,,,,
,,,March,0.1257,151073.96,18990.00,80.00,,"$1,926,192.98",,,,,
,,,April,0.1257,152569.65,19178.00,80.00,,"$1,945,262.97",,,,,
,,60,May,0.1257,154080.08,19367.87,80.00,,"$1,964,520.98",,"$232,414.39",,,
,,,June,0.1257,155605.40,19559.60,80.00,,"$1,983,968.84",,,,,
,,,July,0.1257,157145.76,19753.22,80.00,,"$2,003,608.44",,,,,
,,,August,0.1257,158701.31,19948.75,80.00,,"$2,023,441.66",,,,,
,,,September,0.1257,160272.19,20146.21,80.00,,"$2,043,470.42",,,,,
,,,October,0.1257,161858.56,20345.62,80.00,,"$2,063,696.63",,,,,
,,,November,0.1257,163460.57,20546.99,80.00,,"$2,084,122.25",,,,,
,,,December,0.1257,165078.37,20750.35,80.00,,"$2,104,749.25",,,,,
,2052,,January,0.1257,166712.13,20955.71,80.00,,"$2,125,579.60",,,,,
,,,February,0.1257,168361.99,21163.10,80.00,,"$2,146,615.31",,,,,
,,,March,0.1257,170028.11,21372.53,80.00,,"$2,167,858.41",,,,,
,,,April,0.1257,171710.66,21584.03,80.00,,"$2,189,310.95",,,,,
,,61,May,0.1257,173409.80,21797.61,80.00,,"$2,210,974.98",,,,,
,,,June,0.1257,175125.69,22013.30,80.00,,"$2,232,852.59",,,,,
,,,July,0.1257,176858.50,22231.11,80.00,,"$2,254,945.89",,,,,
,,,August,0.1257,178608.39,22451.07,80.00,,"$2,277,257.00",,,,,
,,,September,0.1257,180375.54,22673.20,80.00,,"$2,299,788.08",,,,,
,,,October,0.1257,182160.10,22897.52,80.00,,"$2,322,541.28",,,,,
,,,November,0.1257,183962.26,23124.06,80.00,,"$2,345,518.81",,,,,
,,,December,0.1257,185782.19,23352.82,80.00,,"$2,368,722.86",,,,,
,2053,,January,0.1257,187620.05,23583.84,80.00,,"$2,392,155.69",,,,,
,,,February,0.1257,189476.04,23817.14,80.00,,"$2,415,819.53",,,,,
,,,March,0.1257,191350.33,24052.74,80.00,,"$2,439,716.66",,,,,
,,,April,0.1257,193243.09,24290.66,80.00,,"$2,463,849.40",,,,,
,,62,May,0.1257,195154.51,24530.92,80.00,,"$2,488,220.06",,,,,
,,,June,0.1257,197084.78,24773.56,80.00,,"$2,512,830.98",,,,,
,,,July,0.1257,199034.08,25018.58,80.00,,"$2,537,684.54",,,,,
,,,August,0.1257,201002.60,25266.03,80.00,,"$2,562,783.12",,,,,
,,,September,0.1257,202990.52,25515.91,80.00,,"$2,588,129.15",,,,,
,,,October,0.1257,204998.04,25768.25,80.00,,"$2,613,725.06",,,,,
,,,November,0.1257,207025.36,26023.09,80.00,,"$2,639,573.31",,,,,
,,,December,0.1257,209072.66,26280.43,80.00,,"$2,665,676.40",,,,,
,2054,,January,0.1257,211140.14,26540.32,80.00,,"$2,692,036.83",,,,,
,,,February,0.1257,213228.01,26802.76,80.00,,"$2,718,657.15",,,,,
,,,March,0.1257,215336.46,27067.79,80.00,,"$2,745,539.91",,,,,
,,,April,0.1257,217465.70,27335.44,80.00,,"$2,772,687.70",,,,,
,,63,May,0.1257,219615.93,27605.72,80.00,,"$2,800,103.14",,,,,
,,,June,0.1257,221787.36,27878.67,80.00,,"$2,827,788.86",,,,,
,,,July,0.1257,223980.20,28154.31,80.00,,"$2,855,747.53",,,,,
,,,August,0.1257,226194.65,28432.67,80.00,,"$2,883,981.84",,,,,
,,,September,0.1257,228430.94,28713.77,80.00,,"$2,912,494.51",,,,,
,,,October,0.1257,230689.28,28997.64,80.00,,"$2,941,288.28",,,,,
,,,November,0.1257,232969.88,29284.31,80.00,,"$2,970,365.92",,,,,
,,,December,0.1257,235272.96,29573.81,80.00,,"$2,999,730.24",,,,,
,2055,,January,0.1257,237598.75,29866.16,80.00,,"$3,029,384.05",,,,,
,,,February,0.1257,239947.47,30161.40,80.00,,"$3,059,330.21",,,,,
,,,March,0.1257,242319.34,30459.54,80.00,,"$3,089,571.61",,,,,
,,,April,0.1257,244714.60,30760.63,80.00,,"$3,120,111.15",,,,,
,,64,May,0.1257,247133.47,31064.68,80.00,,"$3,150,951.77",,,,,
,,,June,0.1257,249576.19,31371.73,80.00,,"$3,182,096.45",,,,,
,,,July,0.1257,252042.99,31681.80,80.00,,"$3,213,548.18",,,,,
,,,August,0.1257,254534.12,31994.94,80.00,,"$3,245,309.98",,,,,
,,,September,0.1257,257049.80,32311.16,80.00,,"$3,277,384.92",,,,,
,,,October,0.1257,259590.28,32630.50,80.00,,"$3,309,776.08",,,,,
,,,November,0.1257,262155.81,32952.99,80.00,,"$3,342,486.58",,,,,
,,,December,0.1257,264746.63,33278.65,80.00,,"$3,375,519.57",,,,,
,2056,,January,0.1257,267363.00,33607.53,80.00,,"$3,408,878.22",,,,,
,,,February,0.1257,270005.16,33939.65,80.00,,"$3,442,565.75",,,,,
,,,March,0.1257,272673.36,34275.04,80.00,,"$3,476,585.39",,,,,
,,,April,0.1257,275367.88,34613.74,80.00,,"$3,510,940.44",,,,,
,,65,May,0.1257,278088.96,34955.78,80.00,,"$3,545,634.18",,"$419,469.38",,,
,,,June,0.1257,280836.86,35301.19,80.00,,"$3,580,669.96",,,,,
,,,July,0.1257,283611.86,35650.01,80.00,,"$3,616,051.15",,,,,
,,,August,0.1257,286414.21,36002.27,80.00,,"$3,651,781.16",,,,,
,,,September,0.1257,289244.19,36357.99,80.00,,"$3,687,863.43",,,,,
,,,October,0.1257,292102.07,36717.23,80.00,,"$3,724,301.42",,,,,
,,,November,0.1257,294988.13,37080.01,80.00,,"$3,761,098.66",,,,,
,,,December,0.1257,297902.64,37446.36,80.00,,"$3,798,258.66",,,,,
,2057,,January,0.1257,300845.88,37816.33,80.00,,"$3,835,785.02",,,,,
,,,February,0.1257,303818.15,38189.94,80.00,,"$3,873,681.35",,,,,
,,,March,0.1257,306819.71,38567.24,80.00,,"$3,911,951.29",,,,,
,,,April,0.1257,309850.87,38948.25,80.00,,"$3,950,598.53",,,,,
,,66,May,0.1257,312911.90,39333.03,80.00,,"$3,989,626.78",,,,,
,,,June,0.1257,316003.12,39721.59,80.00,,"$4,029,039.81",,,,,
,,,July,0.1257,319124.82,40113.99,80.00,,"$4,068,841.40",,,,,
,,,August,0.1257,322277.29,40510.25,80.00,,"$4,109,035.39",,,,,
,,,September,0.1257,325460.84,40910.43,80.00,,"$4,149,625.65",,,,,
,,,October,0.1257,328675.77,41314.54,80.00,,"$4,190,616.07",,,,,
,,,November,0.1257,331922.40,41722.65,80.00,,"$4,232,010.62",,,,,
,,,December,0.1257,335201.04,42134.77,80.00,,"$4,273,813.26",,,,,
,2058,,January,0.1257,338512.00,42550.96,80.00,,"$4,316,028.04",,,,,
,,,February,0.1257,341855.61,42971.25,80.00,,"$4,358,658.99",,,,,
,,,March,0.1257,345232.18,43395.68,80.00,,"$4,401,710.24",,,,,
,,,April,0.1257,348642.03,43824.30,80.00,,"$4,445,185.93",,,,,
,,67,May,0.1257,352085.51,44257.15,80.00,,"$4,489,090.23",,,,,
,,,June,0.1257,355562.93,44694.26,80.00,,"$4,533,427.38",,,,,
,,,July,0.1257,359074.64,45135.68,80.00,,"$4,578,201.64",,,,,
,,,August,0.1257,362620.97,45581.46,80.00,,"$4,623,417.32",,,,,
,,,September,0.1257,366202.26,46031.62,80.00,,"$4,669,078.78",,,,,
,,,October,0.1257,369818.86,46486.23,80.00,,"$4,715,190.40",,,,,
,,,November,0.1257,373471.11,46945.32,80.00,,"$4,761,756.63",,,,,
,,,December,0.1257,377159.37,47408.93,80.00,,"$4,808,781.95",,,,,
,2059,,January,0.1257,380883.99,47877.12,80.00,,"$4,856,270.88",,,,,
,,,February,0.1257,384645.33,48349.92,80.00,,"$4,904,228.00",,,,,
,,,March,0.1257,388443.76,48827.38,80.00,,"$4,952,657.92",,,,,
,,,April,0.1257,392279.63,49309.55,80.00,,"$5,001,565.30",,,,,
,,68,May,0.1257,396153.32,49796.47,80.00,,"$5,050,954.85",,,,,
,,,June,0.1257,400065.20,50288.20,80.00,,"$5,100,831.32",,,,,
,,,July,0.1257,404015.65,50784.77,80.00,,"$5,151,199.52",,,,,
,,,August,0.1257,408005.04,51286.23,80.00,,"$5,202,064.29",,,,,
,,,September,0.1257,412033.77,51792.64,80.00,,"$5,253,430.52",,,,,
,,,October,0.1257,416102.21,52304.05,80.00,,"$5,305,303.16",,,,,
,,,November,0.1257,420210.76,52820.49,80.00,,"$5,357,687.21",,,,,
,,,December,0.1257,424359.82,53342.03,80.00,,"$5,410,587.70",,,,,
,2060,,January,0.1257,428549.78,53868.71,80.00,,"$5,464,009.73",,,,,
,,,February,0.1257,432781.05,54400.58,80.00,,"$5,517,958.44",,,,,
,,,March,0.1257,437054.04,54937.69,80.00,,"$5,572,439.02",,,,,
,,,April,0.1257,441369.15,55480.10,80.00,,"$5,627,456.71",,,,,
,,69,May,0.1257,445726.81,56027.86,80.00,,"$5,683,016.81",,,,,
,,,June,0.1257,450127.43,56581.02,80.00,,"$5,739,124.67",,,,,
,,,July,0.1257,454571.43,57139.63,80.00,,"$5,795,785.69",,,,,
,,,August,0.1257,459059.24,57703.75,80.00,,"$5,853,005.32",,,,,
,,,September,0.1257,463591.30,58273.43,80.00,,"$5,910,789.07",,,,,
,,,October,0.1257,468168.04,58848.72,80.00,,"$5,969,142.49",,,,,
,,,November,0.1257,472789.90,59429.69,80.00,,"$6,028,071.22",,,,,
,,,December,0.1257,477457.33,60016.39,80.00,,"$6,087,580.91",,,,,
,2061,,January,0.1257,482170.77,60608.87,80.00,,"$6,147,677.29",,,,,
,,,February,0.1257,486930.68,61207.19,80.00,,"$6,208,366.16",,,,,
,,,March,0.1257,491737.52,61811.41,80.00,,"$6,269,653.34",,,,,
,,,April,0.1257,496591.75,62421.58,80.00,,"$6,331,544.75",,,,,
,,70,May,0.1257,501493.83,63037.77,80.00,,"$6,394,046.33",,"$756,453.29",,,
,,,June,0.1257,506444.24,63660.04,80.00,,"$6,457,164.11",,,,,
,,,July,0.1257,511443.46,64288.44,80.00,,"$6,520,904.15",,,,,
,,,August,0.1257,516491.97,64923.04,80.00,,"$6,585,272.59",,,,,
,,,September,0.1257,521590.25,65563.89,80.00,,"$6,650,275.63",,,,,
,,,October,0.1257,526738.79,66211.07,80.00,,"$6,715,919.53",,,,,
,,,November,0.1257,531938.09,66864.62,80.00,,"$6,782,210.59",,,,,
,,,December,0.1257,537188.64,67524.61,80.00,,"$6,849,155.21",,,,,
,2062,,January,0.1257,542490.97,68191.11,80.00,,"$6,916,759.82",,,,,
,,,February,0.1257,547845.56,68864.19,80.00,,"$6,985,030.94",,,,,
,,,March,0.1257,553252.95,69543.90,80.00,,"$7,053,975.12",,,,,
,,,April,0.1257,558713.65,70230.31,80.00,,"$7,123,599.02",,,,,
,,71,May,0.1257,564228.18,70923.48,80.00,,"$7,193,909.32",,,,,
,,,June,0.1257,569797.08,71623.49,80.00,,"$7,264,912.81",,,,,
,,,July,0.1257,575420.89,72330.41,80.00,,"$7,336,616.30",,,,,
,,,August,0.1257,581100.13,73044.29,80.00,,"$7,409,026.71",,,,,
,,,September,0.1257,586835.37,73765.21,80.00,,"$7,482,150.99",,,,,
,,,October,0.1257,592627.15,74493.23,80.00,,"$7,555,996.20",,,,,
,,,November,0.1257,598476.03,75228.44,80.00,,"$7,630,569.43",,,,,
,,,December,0.1257,604382.58,75970.89,80.00,,"$7,705,877.87",,,,,
,2063,,January,0.1257,610347.35,76720.66,80.00,,"$7,781,928.76",,,,,
,,,February,0.1257,616370.94,77477.83,80.00,,"$7,858,729.42",,,,,
,,,March,0.1257,622453.90,78242.46,80.00,,"$7,936,287.25",,,,,
,,,April,0.1257,628596.84,79014.62,80.00,,"$8,014,609.70",,,,,
,,72,May,0.1257,634800.34,79794.40,80.00,,"$8,093,704.33",,,,,
,,,June,0.1257,641065.00,80581.87,80.00,,"$8,173,578.73",,,,,
,,,July,0.1257,647391.42,81377.10,80.00,,"$8,254,240.60",,,,,
,,,August,0.1257,653780.21,82180.17,80.00,,"$8,335,697.70",,,,,
,,,September,0.1257,660231.99,82991.16,80.00,,"$8,417,957.87",,,,,
,,,October,0.1257,666747.38,83810.15,80.00,,"$8,501,029.03",,,,,
,,,November,0.1257,673326.99,84637.20,80.00,,"$8,584,919.18",,,,,
,,,December,0.1257,679971.48,85472.42,80.00,,"$8,669,636.38",,,,,
,2064,,January,0.1257,686681.47,86315.86,80.00,,"$8,755,188.80",,,,,
,,,February,0.1257,693457.62,87167.62,80.00,,"$8,841,584.66",,,,,
,,,March,0.1257,700300.57,88027.78,80.00,,"$8,928,832.28",,,,,
,,,April,0.1257,707210.99,88896.42,80.00,,"$9,016,940.06",,,,,
,,73,May,0.1257,714189.53,89773.62,80.00,,"$9,105,916.48",,,,,
,,,June,0.1257,721236.87,90659.47,80.00,,"$9,195,770.11",,,,,
,,,July,0.1257,728353.69,91554.06,80.00,,"$9,286,509.58",,,,,
,,,August,0.1257,735540.68,92457.46,80.00,,"$9,378,143.64",,,,,
,,,September,0.1257,742798.52,93369.77,80.00,,"$9,470,681.11",,,,,
,,,October,0.1257,750127.91,94291.08,80.00,,"$9,564,130.88",,,,,
,,,November,0.1257,757529.57,95221.47,80.00,,"$9,658,501.96",,,,,
,,,December,0.1257,765004.19,96161.03,80.00,,"$9,753,803.42",,,,,
,2065,,January,0.1257,772552.51,97109.85,80.00,,"$9,850,044.45",,,,,
,,,February,0.1257,780175.24,98068.03,80.00,,"$9,947,234.30",,,,,
,,,March,0.1257,787873.12,99035.65,80.00,,"$10,045,382.33",,,,,
,,,April,0.1257,795646.90,100012.82,80.00,,"$10,144,497.98",,,,,
,,74,May,0.1257,803497.32,100999.61,80.00,,"$10,244,590.80",,,,,
,,,June,0.1257,811425.13,101996.14,80.00,,"$10,345,670.41",,,,,
,,,July,0.1257,819431.10,103002.49,80.00,,"$10,447,746.55",,,,,
,,,August,0.1257,827516.00,104018.76,80.00,,"$10,550,829.04",,,,,
,,,September,0.1257,835680.61,105045.05,80.00,,"$10,654,927.80",,,,,
,,,October,0.1257,843925.71,106081.46,80.00,,"$10,760,052.85",,,,,
,,,November,0.1257,852252.10,107128.09,80.00,,"$10,866,214.31",,,,,
,,,December,0.1257,860660.58,108185.03,80.00,,"$10,973,422.40",,,,,
,2066,,January,0.1257,869151.96,109252.40,80.00,,"$11,081,687.44",,,,,
,,,February,0.1257,877727.05,110330.29,80.00,,"$11,191,019.84",,,,,
,,,March,0.1257,886386.68,111418.81,80.00,,"$11,301,430.13",,,,,
,,,April,0.1257,895131.68,112518.05,80.00,,"$11,412,928.93",,,,,
,,75,May,0.1257,903962.90,113628.14,80.00,,"$11,525,526.99",,"$1,363,537.64",,,
,,,June,0.1257,912881.19,114749.17,80.00,,"$11,639,235.12",,,,,
,,,July,0.1257,921887.40,115881.25,80.00,,"$11,754,064.29",,,,,
,,,August,0.1257,930982.39,117024.49,80.00,,"$11,870,025.53",,,,,
,,,September,0.1257,940167.06,118179.00,80.00,,"$11,987,130.02",,,,,
,,,October,0.1257,949442.28,119344.89,80.00,,"$12,105,389.02",,,,,
,,,November,0.1257,958808.93,120522.28,80.00,,"$12,224,813.91",,,,,
,,,December,0.1257,968267.94,121711.28,80.00,,"$12,345,416.20",,,,,
,2067,,January,0.1257,977820.19,122912.00,80.00,,"$12,467,207.48",,,,,
,,,February,0.1257,987466.63,124124.55,80.00,,"$12,590,199.47",,,,,
,,,March,0.1257,997208.16,125349.07,80.00,,"$12,714,404.03",,,,,
,,,April,0.1257,1007045.73,126585.65,80.00,,"$12,839,833.10",,,,,
,,,May,,,,,,,,,,,
,,,June,,,,,,,,,,,
,,,July,,,,,,,,,,,
,,,August,,,,,,,,,,,
,,,September,,,,,,,,,,,
,,,October,,,,,,,,,,,
,,,November,,,,,,,,,,,
,,,December,,,,,,,,,,,
